InsumoLabor,Alias,TipoInsumo,Unidad,PrincipioActivo(Observacion)
24D HERBIFEN ADVANCE,,AGR HERBICIDA ( - ),L,"2,4D ETILHEXILICO 97%"
24DB 93,"10602200-2,4 DB 100%",AGR HERBICIDA ( - ),L,"2,4DB ESTER BUTIRICO 93%"
24D ENLIST,10602150-24D ENLIST,AGR HERBICIDA ( - ),L,"2,4D SAL COLINA 66,9%"
24D ESTER 100,10602155-24D ESTER 100,AGR HERBICIDA ( - ),L,"2,4D ESTER 100%"
24D ETIL HEXILICO 89,10601400-24D ETIL HEXILICO 89,AGR HERBICIDA ( - ),L,"2,4D ETILHEXILICO 89%"
GRAMINICIDA,,AGR HERBICIDA ( - ),L,"2,4D ETILHEXILICO 102,5%"
24D MICROEMULSION 30,10600850-24D MICROEMULSION 30,AGR HERBICIDA ( - ),L,"2,4D MICROEMULSION 30%"
A35T COADYUVANTE,,AGR COADYUVANTE ( - ),L,A35T COADYUVANTE
"ABAMECTINA 3,6",,AGR INSECTICIDA ( - ),L,
ACADIA BIO,,AGR FUNGICIDA ( - ),L,TEBUCO 20% + AZOXI 12%
ACEITE METILADO DE SOJA,10100420-ACEITE METILADO DE SOJA,AGR COADYUVANTE ( - ),L,ACEITE METILADO DE SOJA GENERICO
ACEITE MINERAL,,AGR COADYUVANTE ( - ),L,ACEITE MINERAL
ACEITE OPTIMIZER,10100410-ACEITE OPTIMIZER,AGR COADYUVANTE ( - ),L,ACEITE METILADO DE SOJA
ACEITE ACTION MSO,10100400-ACEITE ACTION MSO,AGR COADYUVANTE ( - ),L,ACEITE METILADO DE SOJA
ACEITE BIO FUSION,10100210-ACEITE BIO FUSION,AGR COADYUVANTE ( - ),L,ACEITE METILADO DE SOJA
ACURON UNO,,AGR HERBICIDA ( - ),L,BICICLOPIRONA 20%
ACETOCLOR 90,,AGR HERBICIDA ( - ),L,ACETOCLOR 90%
ADENGO,,AGR HERBICIDA ( - ),L,ADENGO
ATRAZINA 50,,AGR HERBICIDA ( - ),L,ATRAZINA 50%
ATRAZINA 90,10600900-ATRAZINA 90%,AGR HERBICIDA ( - ),K,ATRAZINA 90%
AXIAL,10603000-AXIAL,AGR HERBICIDA ( - ),L,"PINOXADEN 5% + CLOQUINTOCET 1,25%"
AZOXY PRO,,AGR FUNGICIDA ( - ),L,AZOXISTROBINA 20% + CIPROCONAZOLE 8%
BELT SC480,10900070-BELT SC480,AGR INSECTICIDA ( - ),L,BELT
"BROMOXINIL 34,9","10601200-BROMOXINIL 34,9%",AGR HERBICIDA ( - ),L,"BROMOXINIL 34,9%"
BIFENTRIN 10,10900050-BIFENTRIN 10%,AGR INSECTICIDA ( - ),L,BIFENTRIN 10%
CARFENTRAZONE 40,10603100-CARFENTRAZONE 40,AGR HERBICIDA ( - ),L,CARFENTRAZONE 40%
CLARTEX XTRA,10900100-CLARTEX XTRA,AGR INSECTICIDA ( - ),K,CARBARIL 8% + METALDEHIDO 4%
CLEARSOL DF,,AGR HERBICIDA ( - ),K,IMAZAPIR 80%
CLEARSOL II PLUS (pack 10ha),,AGR HERBICIDA ( - ),PACK,CLEARSOL II PLUS (pack 10ha)
CLETODIM 24,10601000-CLETODIM 24,AGR HERBICIDA ( - ),L,CLETODIM 24%
CLETODIM 36,,AGR HERBICIDA ( - ),L,CLETODIM 36%
CLOPIRALID 36,10603200-CLOPIRALID 36,AGR HERBICIDA ( - ),L,"CLOPIRALID MONOETANOLAMINA 47,5%"
CLORIMURON 75,,AGR HERBICIDA ( - ),K,CLORIMURON 75%
CLORIMURON 25,,AGR HERBICIDA ( - ),K,CLORIMURON 25 %
CLORPIRIFOS 48,10900080-CLORPIRIFOS 48,AGR INSECTICIDA ( - ),L,CLORPIRIFOS 48%
COADYUVANTE PLATAFORMA,,AGR COADYUVANTE ( - ),L,COADYUVANTE PLATAFORMA
COA VEGETAL SILICONADO YPF,,AGR COADYUVANTE ( - ),L,
COADYUVANTE DRIVER,,AGR COADYUVANTE ( - ),L,COADYUVANTE DRIVER
COMPINCHE,,AGR SEMILLA ( - ),L,COMPINCHE
CONVEY,,AGR HERBICIDA ( - ),L,CLORIMURON 25 %
CORAGEN,10900090-CORAGEN,AGR INSECTICIDA ( - ),L,CLORANTRANILIPROLE
CRIPTON,10500060-CRIPTON,AGR FUNGICIDA ( - ),L,CRIPTON
CRIPTON XPRO,,AGR FUNGICIDA ( - ),L,CRIPTON XPRO
DASH MSO MAX,10100600-DASH MSO MAX,AGR COADYUVANTE ( - ),L,ACEITE METILADO DE SOJA
DASEN PLUS ,,AGR HERBICIDA ( - ),L,
DECIS FLOW,,AGR INSECTICIDA ( - ),L,DELTAMETRINA 20%
DECIS FORTE,,AGR INSECTICIDA ( - ),K,DELTAMETRINA 10%
PHOTOXIN,,AGR INSECTICIDA ( - ),K,
DIQUAT REGLONE,10604100-DIQUAT REGLONE,AGR HERBICIDA ( - ),L,"DICAMBA DIMETILAMINA 57,8%"
DICAMBA,10603300-DICAMBA,AGR HERBICIDA ( - ),L,"DICAMBA DIMETILAMINA 57,8%"
DICLOSULAM 84,,AGR HERBICIDA ( - ),K,DICLOSULAM 84%
DICAMBA ATECTRA BV,,AGR HERBICIDA ( - ),L,"DICAMBA DIGLICOLAMINA 70,8%"
DIFLUFENICAN 50,,AGR HERBICIDA ( - ),L,DIFLUFENICAN 50%
DOBLE ACAY,,AGR INSECTICIDA ( - ),K,CARBARIL 8% + METALDEHIDO 4%
EXITO,10100500-EXITO,AGR COADYUVANTE ( - ),L,EXITO
ECORIZOSPRAY,10602810-ECORIZOSPRAY,AGR COADYUVANTE ( - ),L,ECORIZOSPRAY
FIGHTER PLUS,,AGR INSECTICIDA ( - ),L,GAMMACIALOTRINA 15%
FINESSE,,AGR HERBICIDA ( - ),K,"CLORSULFURON 62,5% + METSULFURON 12,5%"
FIPRONIL 20,10900060-FIPRONIL 20,AGR INSECTICIDA ( - ),L,FIPRONIL 20%
FLUMETSULAM 12,10602600-FLUMETSULAM FLOYD,AGR HERBICIDA ( - ),L,FLUMETSULAM 12%
FLUMIOXAZIN 48,,AGR HERBICIDA ( - ),L,FLUMIOXAZIN 48%
FLUROCLORIDONA,10601600-FLUROCLORIDONA 25%,AGR HERBICIDA ( - ),L,FLUROCLORIDONA 25%
FLUROXIPIR 48,10604000-FLUROXIPIR 48,AGR HERBICIDA ( - ),L,FLUROXIPIR 48%
FOMESAFEN 25,10603400-FOMESAFEN 25,AGR HERBICIDA ( - ),L,"FOMESAFEN SAL SODICA 26,25%"
FOMESAFEN 50,,AGR HERBICIDA ( - ),L,
FULLTEC,,AGR COADYUVANTE ( - ),L,FULLTEC
HALOXIFOP 54,,AGR HERBICIDA ( - ),L,HALOXIFOP 54%
GALANT MAX,,AGR HERBICIDA ( - ),L,"HALOXIFOP 93,5%"
GLIFOPAMPA ZAMBA,,AGR HERBICIDA ( - ),L,GLIFOSATO SAL POTASICA 62%
GLIFOSATO PREMIUM 66 YPF,,AGR HERBICIDA ( - ),L,
GLIFOSATO CONTROL MAX,10600200-ROUNDUP CONTROL MAX,AGR HERBICIDA ( - ),K,"GLIFOSATO SAL MONOAMONICA 79,2%"
GLIFOSATO SNIPER DRY,10601320-GLIFOSATO SNIPER DRY,AGR HERBICIDA ( - ),K,"GLIFOSATO SAL MONOAMONICA 79,2%"
GLIFOSATO FULL II,,AGR HERBICIDA ( - ),L,"GLIFOSATO SAL POTASICA 66,2%"
GLIFOSATO LA TIJERETA BOX,,AGR HERBICIDA ( - ),K,"GLIFOSATO SAL MONOAMONICA 79,2%"
GLIFOSATO LA TIJERETA PLATINUM,,AGR HERBICIDA ( - ),L,"GLIFOSATO SAL POTASICA 58,8%"
GLIFOSATO MARCH II,,AGR HERBICIDA ( - ),L,"GLIFOSATO SAL POTASICA 66,2%"
GLIFOSATO SNIPER 48,10601310-GLIFOSATO SNIPER 48,AGR HERBICIDA ( - ),L,"GLIFOSATO SAL POTASICA 58,8%"
GLIFOSATO PANZER GOLD,,AGR HERBICIDA ( - ),L,"GLIFOSATO SAL DIMETILAMINA 60,8%"
GLIFOSATO POWER PLUS II,10601700-GLIFOSATO POWER PLUS II,AGR HERBICIDA ( - ),L,"GLIFOSATO POTASICA Y AMONICA 64,5%"
GLIFOSATO RUP TOP,10602900-GLIFOSATO RUP TOP,AGR HERBICIDA ( - ),L,"GLIFOSATO POTASICA Y AMONICA 64,5%"
GLIFOSATO SULFOSATO TOUCHDOWN,,AGR HERBICIDA ( - ),L,GLIFOSATO SAL POTASICA 62%
GLIFOSATO SUPER ESTRELLA II,,AGR HERBICIDA ( - ),L,GLIFOSATO SAL POTASICA 65%
GLUFOSINATO DE AMONIO 28,,AGR HERBICIDA ( - ),L,GLUFOSINATO DE AMONIO 28%
GRAMINI ELITE,10603500-GRAMINI ELITE,AGR HERBICIDA ( - ),L,CLETODIM 12% + HALOXIFOP 6%
HEAT,10601500-HEAT X 350 GR,AGR HERBICIDA ( - ),K,SAFLUFENACIL 70%
HISTICK PLUS INOCULANTE (pack 4000kg semilla),,AGR SEMILLA ( - ),PACK,HISTICK PLUS INOCULANTE (pack 4000kg semilla)
HOWLER,,AGR FERTILIZANTE ( - ),L,HOWLER
HUSSAR OD PLUS,10603600-HUSSAR OD PLUS,AGR HERBICIDA ( - ),PACK,HUSSAR OD PLUS
IMAZAPIR 25,,AGR HERBICIDA ( - ),K,IMAZAPIR 25%
KATRIN 80 P/10 HAS,10600300-KATRIN 80 (KIT P/10HAS),AGR HERBICIDA ( - ),PACK,IMAZAPIR 80%
"IMAZETAPIR 10,6",,AGR HERBICIDA ( - ),L,"IMAZETAPIR 10,6%"
INSIGNIA BIO,,AGR COADYUVANTE ( - ),L,INSIGNIA BIO
INTREPID,,AGR INSECTICIDA ( - ),L,LAMBDACIALOTRINA 5%
LAMBDACIALOTRINA 25,10900040-LAMBDACIALOTRINA 25%,AGR INSECTICIDA ( - ),L,LAMBDACIALOTRINA 25%
EXPEDITION,,AGR INSECTICIDA ( - ),L,LAMBDACIALOTRINA 25% GRANULADA
ELEVORE,,AGR HERBICIDA ( - ),L,TEMBOTRIONE 42% + ISOXADIFEN 21%
MATABIBOS,,AGR INSECTICIDA ( - ),K,CARBARIL 8%
MCPA 28,10602700-MCPA,AGR HERBICIDA ( - ),L,MCPA 28%
MCPA AMINA 75,,AGR HERBICIDA ( - ),L,MCPA AMINA 75%
MORATA ACE,,AGR HERBICIDA ( - ),L,MESOTRIONE 48%
METOLACLORO 96,,AGR HERBICIDA ( - ),L,METOLACLORO 96%
METRIBUZIN 48,10603700-METRIBUZIN 48,AGR HERBICIDA ( - ),L,METRIBUZIN 48%
METSULFURON 60,10602000-METSULFURON 60% EBC,AGR HERBICIDA ( - ),K,METSULFURON METIL 60%
MIRAVIS TRIPLE PACK,10500050-MIRAVIS TRIPLE PACK,AGR FUNGICIDA ( - ),PACK,MIRAVIS TRIPLE PACK
MISTRAL,,AGR INSECTICIDA ( - ),L,MISTRAL
MULCHEN OIL XTREM,,AGR COADYUVANTE ( - ),L,MULCHEN OIL XTREM
NITRAGIN CELL TECH ACTION PACK DIMENSION,,AGR SEMILLA ( - ),PACK,NITRAGIN CELL TECH ACTION PACK DIMENSION
NITRAGIN COMBI FULL ACTION,,AGR SEMILLA ( - ),PACK,NITRAGIN COMBI FULL ACTION
NITRAGIN OPTIMIZE II PACK FULL,,AGR SEMILLA ( - ),PACK,NITRAGIN OPTIMIZE II PACK FULL
NPA 15 FULL,,AGR COADYUVANTE ( - ),L,NPA 15 FULL
ONTARIO,,AGR HERBICIDA ( - ),L,IMAZAPIR 30%
OPERA,10500070-OPERA,AGR FUNGICIDA ( - ),L,OPERA
ORQUESTA ULTRA,,AGR FUNGICIDA ( - ),L,ORQUESTA ULTRA
"PARAQUAT 27,6","10601100-PARAQUAT 27,6%",AGR HERBICIDA ( - ),L,"PARAQUAT 27,6%"
PICLORAM 24,10603800-PICLORAM 24,AGR HERBICIDA ( - ),L,"PICLORAM SAL POTASICA 27,7%"
PRODIGIO,,AGR HERBICIDA ( - ),L,ACLONIFEN 60%
PRESIDE,,AGR HERBICIDA ( - ),L,FLUMETSULAM 12%
RIZODERMA (DOSIS P/100kg SEM),,AGR SEMILLA ( - ),DOSIS P/100KG,TRICHODERMA
INOCULANTE EBC ESTANDAR,10700030-INOCULANTE EBC ESTANDAR,AGR SEMILLA ( - ),PACK,INOCULANTE EBC ESTANDAR
BIOPROTECTOR INOCULANTE EBC,,AGR SEMILLA ( - ),LT,INOCULANTE EBC ESTANDAR
FLOW SISTEMIC EBC,,AGR SEMILLA ( - ),LT,INOCULANTE EBC ESTANDAR
RIZOSPRAY EXTREMO,10602800-RIZOSPRAY EXTREMO,AGR COADYUVANTE ( - ),L,ACEITE METILADO DE SOJA
RIZOSPRAY INTEGRUM,,AGR COADYUVANTE ( - ),L,ACEITE METILADO DE SOJA
S-METOLACLORO 96,10600500-S-METOLACLORO 96,AGR HERBICIDA ( - ),L,S-METOLACLORO 96%
SCENIC,,AGR SEMILLA ( - ),L,SCENIC
SILWET,,AGR COADYUVANTE ( - ),L,SILWET
SISTIVA + PREMIS,,AGR SEMILLA ( - ),PACK,SISTIVA + PREMIS
SISTIVA + PREMIS (DOSIS P/100KG),,AGR SEMILLA ( - ),DOSIS P/100KG,SISTIVA + PREMIS (DOSIS P/100KG)
SMARTFOIL,,AGR FERTILIZANTE ( - ),L,SMARTFOIL
SPEEDWET MAXION NG,,AGR COADYUVANTE ( - ),L,SPEEDWET MAXION NG
SPIDER,,AGR HERBICIDA ( - ),K,DICLOSULAM 84%
STARANE XTRA,,AGR HERBICIDA ( - ),L,FLUROXIPIR 48%
STINGER,,AGR FUNGICIDA ( - ),L,PICOXYSTROBIN 20% + CIPROCONAZOLE 8%
SULFATO DE AMONIO,,AGR COADYUVANTE ( - ),L,SULFATO DE AMONIO
SULFENTRAZONE 50,10600600-SULFENTRAZONE,AGR HERBICIDA ( - ),L,SULFENTRAZONE 50%
SUMISOYA,,AGR HERBICIDA ( - ),L,FLUMIOXAZIN 48%
TEXARO,,AGR HERBICIDA ( - ),K,"DICLOSULAM 58% + HALAUXIFEN 11,5%"
TIMEROL PLUS (ENGEO),,AGR INSECTICIDA ( - ),L,
TORDON,,AGR HERBICIDA ( - ),L,"PICLORAM SAL POTASICA 27,7%"
TRANSFORM,,AGR INSECTICIDA ( - ),K,SULFOXAFLOR 50
VIRANTRA,,AGR INSECTICIDA ( - ),L,ISOCYCLOSERAM 40
WR4 CORRECTOR,,AGR COADYUVANTE ( - ),L,WR4 CORRECTOR
YAMATO,,AGR HERBICIDA ( - ),L,PYROXASULFONE 85
ZIDUA PACK,10603900-ZIDUA PACK,AGR HERBICIDA ( - ),PACK,ZIDUA PACK
COAD METILADO SILICONADO,,AGR COADYUVANTE ( - ),L,
PINXIT (GEN.AXIAL),522-PINXIT PINOXADEN,AGR HERBICIDA ( - ),L,"PINOXADEN 5% + CLOQUINTOCET 1,25% (genérico de Axial — agrupar con 22:AXIAL)"
EUDOR CLETODIM HELM X 20 LTS,,AGR HERBICIDA ( - ),L,"CLETODIM 24% (agrupar con 31:CLETODIM 24 — confirmar concentración con Betiana antes de sumarlo)"
VIOVAN,,AGR HERBICIDA ( - ),L,"PENDIENTE — producto nuevo (OT 761 y 765, dosis 0,75 L/ha en cebada). No inferir el principio activo por el nombre: pedir ficha técnica a Betiana."
LONTREL,,AGR HERBICIDA ( - ),L,"CLOPIRALID (OT 763, dosis 0,18 L/ha en maíz) — confirmar concentración y sal antes de agruparlo con 33:CLOPIRALID 36"
