OT,Fecha,Establecimiento,Ha,Producto,Plan,ConsumoReal,Unidad,RemitoCitado,Observacion
768,2026-09-04,CAMPO LA MARIA CRISTINA (LA PATRIA),114.00,"2,4-D HERBIFEN ADVANCE",136.80,140.00,L,"R y C 12606","Remito 12606 NO esta en el costeo"
768,2026-09-04,CAMPO LA MARIA CRISTINA (LA PATRIA),114.00,LONTREL,22.80,20.00,L,"R y C 12606",
768,2026-09-04,CAMPO LA MARIA CRISTINA (LA PATRIA),114.00,PANZER GOLD,250.80,250.00,L,"R y C 12606",
768,2026-09-04,CAMPO LA MARIA CRISTINA (LA PATRIA),114.00,COADYUVANTE TTM,22.80,24.00,L,"R y C 12606",
769,2026-09-04,CAMPO LA MARIA CRISTINA (LA PATRIA),134.00,"2,4-D HERBIFEN ADVANCE",160.80,160.00,L,"R y C 12608 y 12612",
769,2026-09-04,CAMPO LA MARIA CRISTINA (LA PATRIA),134.00,DIFLUFENICAN 50% SC,40.20,40.00,L,"R y C 12608 y 12612",
769,2026-09-04,CAMPO LA MARIA CRISTINA (LA PATRIA),134.00,PANZER GOLD,268.00,270.00,L,"R y C 12608 y 12612",
769,2026-09-04,CAMPO LA MARIA CRISTINA (LA PATRIA),134.00,COADYUVANTE TTM,26.80,26.00,L,"R y C 12608 y 12612",
770,2026-09-04,CAMPO SANTO DOMINGO,96.00,"2,4-D HERBIFEN ADVANCE",192.00,,L,,"REEMITIDA: el 04/09 decia 153,60 (1,70 y 1,50 L/ha)"
770,2026-09-04,CAMPO SANTO DOMINGO,96.00,DIFLUFENICAN 50% SC,14.40,,L,,
770,2026-09-04,CAMPO SANTO DOMINGO,96.00,PANZER GOLD,240.00,,L,,"REEMITIDA: el 04/09 decia 201,60 (2,20 y 2,00 L/ha)"
770,2026-09-04,CAMPO SANTO DOMINGO,96.00,SAFLUFENACIL HEAT 70WG,1.92,,kg,,
770,2026-09-04,CAMPO SANTO DOMINGO,96.00,COADYUVANTE TTM,19.20,,L,,
771,2026-09-04,CAMPO SANTO DOMINGO,48.00,PARAQUAT,144.00,,L,,"REEMITIDA: el 04/09 decia 120,00 (2,50 L/ha). Unica OT del grupo con paraquat. Anotada DOBLE GOLPE."
771,2026-09-04,CAMPO SANTO DOMINGO,48.00,COADYUVANTE TTM,9.60,,L,,
